"","lines","total_var_per_line"
"1",6,23.5489264441861
"2",8,16.8111055601093
"3",10,21.8745408361855
